<?xml version="1.0"?>

<Actions>

    <Action id="TriggerRoutine" uiPath="DeviceActions">
        <Name>Trigger a Routine</Name>
        <CallbackMethod>trigger_routine</CallbackMethod>

        <ConfigUI>

            <SupportURL>https://app.voicemonkey.io/dashboard</SupportURL>

            <Field id="label70" type="label" fontColor="black" fontSize="large" alignWithControl="false">
                <Label>Trigger a Routine</Label>
            </Field>
            <Field id="simpleSeparator70" type="separator"></Field>

            <Field id="monkey_id" type="textfield">
                <Label>Routine/Trigger Name</Label>
            </Field>

            <Field id="label71" type="label" fontColor="black" fontSize="medium" alignWithControl="true">
                <Label>Enter the name of the Trigger that will run the Alexa routine.</Label>
            </Field>
            <Field id="simpleSeparator71" type="separator"></Field>
            <Field id="label72" type="label" fontColor="black" fontSize="medium" alignWithControl="false">
                <Label>The name is shown under "Routine Triggers" on the Voice Monkey website -> Dashboard -> Manage Devices</Label>
            </Field>

            <Field id="simpleSeparator72" type="separator"></Field>
            <Field id="label73" type="label" fontColor="darkgray" fontSize="medium" alignWithControl="false">
                <Label>Click the "?" button to access the Voice Monkey dashboard, where you can create and configure devices and triggers.</Label>
            </Field>

        </ConfigUI>
    </Action>    
    
    <Action id="TriggerSeparator" uiPath="DeviceActions"/>


    <Action id="TextToSpeech" deviceFilter="self.VoiceMonkeyDevice" uiPath="DeviceActions">
        <Name>Text to Speech</Name>
        <CallbackMethod>text_to_speech</CallbackMethod>

        <ConfigUI>
            <Field id="label9" type="label" fontColor="black" fontSize="large" alignWithControl="false">
                <Label>Send Text To Speech (TTS) commands to your device</Label>
            </Field>
            <Field id="simpleSeparator3" type="separator"></Field>

            <Field id="label11" type="label" fontColor="blue" fontSize="small" alignWithControl="true">
                <Label>Speech Synthesis Markup Language (SSML) tags are supported</Label>
            </Field>

            <Field id="TextToSpeech" type="textfield">
                <Label>:



                </Label>
            </Field>
            <Field id="messageNote1" type="label" fontSize="small" fontColor="black" alignWithControl="true">
                <Label>(Use Option+Return to move the cursor to the next line)</Label>
            </Field>

            <Field id="messageNote2" type="label" fontSize="small" fontColor="blue" alignWithControl="true">
                <Label>Variable and device state substituation is enabled for this field. Use the format</Label>
            </Field>
            <Field id="messageNote3" type="label" fontSize="small" fontColor="blue" alignWithControl="true">
                <Label>%%v:12345%% for variables and %%d:12345:someStateId%% for device states.</Label>
            </Field>

            <Field id="simpleSeparator17" type="separator"></Field>

            <Field id="label10" type="label" fontColor="black" fontSize="large" alignWithControl="false">
                <Label>Your device will attempt to speak what you type in this field.</Label>
            </Field>

            <Field id="complexSeparator1" type="separator"></Field>

            <Field id="ChangeVoice" type="checkbox" defaultValue="false">
                <Label> </Label>
                <Description>Change the Voice?</Description>
            </Field>

            <Field type="menu" id="selectedVoice" visibleBindingId="ChangeVoice" visibleBindingValue="true">
                <List class="self" filter="" method="voicesList"/>

            </Field>


            <Field id="blanks1" type="label" fontColor="darkgray" fontSize="large" readonly="True">
                <Label>:




                </Label>

            </Field>

        </ConfigUI>
    </Action>    

    <Action id="SimpleSpeak" deviceFilter="self.VoiceMonkeyDevice" uiPath="DeviceActions">
        <Name>Simple Speak</Name>
        <CallbackMethod>text_to_speech</CallbackMethod>
    </Action>    

    <Action id="SpeakAnnouncementsSeparator" uiPath="DeviceActions"/>

    <Action id="SpeakAnnouncements" deviceFilter="self.VoiceMonkeyDevice" uiPath="DeviceActions">
        <Name>Use Announcements Plugin</Name>
        <CallbackMethod>announcement_speak_action</CallbackMethod>
        <ConfigUI>

            <Field id="theAnnouncement" type="menu" fontColor="black" fontSize="regular">
                <Label>Source:</Label>
                <List class="self" filter="" method="announcement_devices" dynamicReload="true"/>
                <CallbackMethod>refresh_fields</CallbackMethod>

            </Field>


            <Field id="announcementToSpeak" type="menu" fontColor="black" fontSize="regular">
                <Label>Item to Speak:</Label>
                <List class="self" filter="" method="generator_announcement_list" dynamicReload="true"/>
            </Field>

            <Field id="announcementSeparator1" type="separator"></Field>

            <Field id="ChangeAnnouncementVoice" type="checkbox" defaultValue="false">
                <Label> </Label>
                <Description>Change the Voice?</Description>
            </Field>

            <Field type="menu" id="selectedAnnouncementVoice" visibleBindingId="ChangeAnnouncementVoice" visibleBindingValue="true">
                <List class="self" filter="" method="voicesList"/>
            </Field>
            <Field id="blanks2" type="label" fontColor="darkgray" fontSize="large" readonly="True">
                <Label>:

                </Label>

            </Field>
        </ConfigUI>
    </Action>

    <Action id="YesNoQuestionSeparator" uiPath="DeviceActions"/>

    <Action id="YesNoQuestion" uiPath="DeviceActions">
        <Name>Ask a Yes/No Question</Name>
        <CallbackMethod>yes_no_question</CallbackMethod>
        <ConfigUI>

            <Field id="label60" type="label" fontColor="black" fontSize="large" alignWithControl="false">
                <Label>Configure your device to ask a Yes/No Question</Label>
            </Field>
            <Field id="simpleSeparator60" type="separator" alignWithControl="false"></Field>

            <Field id="whichDevice" type="menu">
                <Label>Select a Device:</Label>
                <List class="indigo.devices" filter="self.VoiceMonkeyDevice"/>
            </Field>

            <Field id="QuestionSeperator1" type="separator" alignWithControl="false"></Field>
            <Field id="QuestionToAsk" type="textfield">
                <Label>A Yes or No Question:



                </Label>
            </Field>

            <Field id="QuestionSeperator2" type="label" fontSize="small" fontColor="black" alignWithControl="true">
                <Label>(Use Option+Return to move the cursor to the next line)</Label>
            </Field>

            <Field id="label61" type="label" fontColor="black" fontSize="medium" alignWithControl="false">
                <Label>Your device will attempt to speak whatever you type in this field.</Label>
            </Field>
            <Field id="label62" type="label" fontColor="black" fontSize="medium" alignWithControl="false">
                <Label>SSML tags are supported only for the initial question and not the prompts</Label>
            </Field>


            <Field id="simpleSeparator61" type="separator"></Field>

            <Field id="instruct1" type="label" fontColor="blue" fontSize="medium" alignWithControl="false">
                <Label>If you do not want to execute a specific Action Group:</Label>
            </Field>

            <Field id="instruct2" type="label" fontColor="blue" fontSize="medium" alignWithControl="false">
                <Label>Leave the selection at the default value of '- select an action group -'</Label>
            </Field>

            <Field id="instruct3" type="label" fontColor="blue" fontSize="medium" alignWithControl="false">
                <Label>or manually select '- select an action group -'</Label>
            </Field>

            <Field id="instruct4" type="separator"></Field>

            <Field id="executeWhenYes" type="menu" defaultValue="">
                <Label>If the Response is Yes:</Label>
                <List class="self" filter="" method="actionsWithAnExit"/>
            </Field>

            <Field id="label63" type="label" fontColor="blue" fontSize="medium" alignWithControl="true">
                <Label>Select the Action Group to execute when the response to the Yes/No question is 'Yes'.</Label>
            </Field>


            <Field id="simpleSeparator62" type="separator"></Field>

            <Field id="executeWhenNo" type="menu" defaultValue="">
                <Label>If the Response is No:</Label>
                <List class="self" filter="" method="actionsWithAnExit"/>
            </Field>

            <Field id="label64" type="label" fontColor="blue" fontSize="medium" alignWithControl="true">
                <Label>Select the Action Group to execute when the response to the Yes/No question is 'No'.</Label>
            </Field>

            <Field id="RepeatSeparator1" type="separator"></Field>

            <Field id="RepeatQuestion" type="checkbox" defaultValue="false">
                <Label>Repeat the question?:</Label>
            </Field>

            <Field id="cycles" type="textfield" visibleBindingId="RepeatQuestion" visibleBindingValue="true" defaultValue="2">
                <Label>Times to repeat:</Label>
            </Field>
            <Field id="label2" type="label" fontColor="blue" fontSize="small" alignWithControl="true"
                visibleBindingId="RepeatQuestion" visibleBindingValue="true">
                <Label>Enter the number of times to repeat the question.</Label>
            </Field>


            <Field id="seconds" type="textfield" visibleBindingId="RepeatQuestion" visibleBindingValue="true" defaultValue="35">
                <Label>Interval (secs)</Label>
            </Field>
            <Field id="label3" type="label" fontColor="blue" fontSize="small" alignWithControl="true" visibleBindingId="RepeatQuestion" visibleBindingValue="true">
                <Label>Enter the number of seconds to wait before repeating the question</Label>
            </Field>

            <Field id="StopWhenYes" type="checkbox" visibleBindingId="RepeatQuestion" visibleBindingValue="true" defaultValue="true">
                <Label>When response is 'Yes'</Label>
                <Description>stop repeating</Description>


            </Field>

            <Field id="StopWhenNo" type="checkbox" visibleBindingId="RepeatQuestion" visibleBindingValue="true" defaultValue="false">
                <Label>When response is 'No'</Label>
                <Description>stop repeating</Description>

            </Field>

            <Field id="NoResponseSeparator1" type="separator"></Field>

            <Field id="executeNoResponse" type="checkbox" defaultValue="false">
                <Label>When 'No response'</Label>
                <Description>Execute an Action Group?</Description>
            </Field>

            <Field id="noResponseActionGroup" type="menu" visibleBindingId="executeNoResponse" visibleBindingValue="true" defaultValue="">
                <Label>Action Group:</Label>
                <List class="self" filter="" method="actionsWithAnExit"/>
            </Field>



            <Field id="label56" type="label" fontColor="blue" fontSize="small" alignWithControl="true" visibleBindingId="RepeatQuestion" visibleBindingValue="false">
                <Label>Select an Action Group to be executed if a response of 'Yes' or 'No' is not received after the question is asked.</Label>
            </Field>

            <Field id="label57" type="label" fontColor="blue" fontSize="small" alignWithControl="true" visibleBindingId="RepeatQuestion" visibleBindingValue="true">
                <Label>When a question repeats, select an Action Group to be executed if the 'Yes' or 'No' response that stops the repeat cycle, is not received after the question is repeated a final time.</Label>
            </Field>

            <Field id="instructSeparator1" type="separator"></Field>

            <Field id="label5" type="label" fontColor="darkgray" fontSize="large" readonly="True">
                <Label>:










                </Label>

            </Field>

        </ConfigUI>

    </Action>

    <Action id="cancelQuestion" uiPath="DeviceActions">
        <Name>Cancel a Yes/No Question</Name>
        <CallbackMethod>cancel_a_question</CallbackMethod>
        <ConfigUI>
            <Field id="which_device" type="menu">
                <Label>Select a Device:</Label>
                <List class="indigo.devices" filter="self.VoiceMonkeyDevice"/>
            </Field>
            <Field id="question_to_cancel" type="textfield">
                <Label>Yes or No Question:



                </Label>                
            </Field>
            <Field id="cancelLabel1" type="label" fontColor="darkgray" fontSize="small" alignWithControl="true">
                <Label>(Use Option+Return to move the cursor to the next line)</Label>
            </Field>

            <Field id="cancelLabel2" type="label" fontColor="black" fontSize="medium" alignWithControl="false">
                <Label>Enter the Yes or No question exactly as originally inputted, so the plugin can find and cancel it. It is recommended to use Copy/Past for Accuracy.</Label>
            </Field>

        </ConfigUI>
    </Action>

    <Action id="PlaySoundsSeparator" uiPath="DeviceActions"/>

    <Action id="PlaySound" deviceFilter="self.VoiceMonkeyDevice" uiPath="DeviceActions">
        <Name>Play a sound</Name>
        <CallbackMethod>play_sound</CallbackMethod>

        <ConfigUI>
            ￼<Field type="menu" id="soundName" defaultValue="">
                <Label>Popup Menu:</Label>
                <List class="self" filter="" method="soundsList"/>
            </Field>
        </ConfigUI>
    </Action>    


    <Action id="PlayAudioFileUrl" deviceFilter="self.VoiceMonkeyDevice" uiPath="DeviceActions">
        <Name>Play a Audio File</Name>
        <CallbackMethod>play_audio_file_url</CallbackMethod>

        <ConfigUI>
            <SupportURL>https://voicemonkey.io/docs</SupportURL>
            <Field id="label37" type="label" fontColor="black" fontSize="medium" alignWithControl="true">
                <Label>Play an audio file on your device</Label>
            </Field>
            <Field id="simpleSeparator20" type="separator"></Field>

            <Field id="audioFileUrl" type="textfield">
                <Label>Audio File URL:


                </Label>                
            </Field>

            <Field id="fullURLinstruct1" type="label" fontColor="black" fontSize="medium" alignWithControl="true">
                <Label>Enter the full URL of an audio file to play on the device.</Label>
            </Field>

            <Field id="fullURLinstruct2" type="label" fontColor="black" fontSize="medium" alignWithControl="true">
                <Label>The URL entered must be publicly accessible, by anyone with the link, and begin with 'https://'</Label>
            </Field>

            <Field id="simpleSeparator1" type="separator"></Field>
            
            <Field id="label15" type="label" fontColor="blue" fontSize="medium" alignWithControl="false">
                <Label>Click "?" to access https://voicemonkey.io/docs for documenation on supported file types</Label>
            </Field>

        </ConfigUI>
    </Action>    

    <Action id="PlayBackgroundAudioFile" deviceFilter="self.VoiceMonkeyDevice" uiPath="DeviceActions">
        <Name>Play a Background Audio File</Name>
        <CallbackMethod>play_background_audio_file</CallbackMethod>

        <ConfigUI>
            <SupportURL>https://voicemonkey.io/docs</SupportURL>

            <Field id="label47" type="label" fontColor="black" fontSize="medium" alignWithControl="false">
                <Label>Play an audio file in the background whilst your device speaks</Label>
            </Field>
            <Field id="simpleSeparator2" type="separator"></Field>

            <Field id="label41" type="label" fontColor="blue" fontSize="medium" alignWithControl="true">
                <Label>Speech Synthesis Markup Language (SSML) tags are supported</Label>
            </Field>

            <Field id="TextToSpeech" type="textfield" alignWithControl="false">
                <Label>:



                </Label>
            </Field>

            <Field id="messageNote11" type="label" fontSize="small" fontColor="black" alignWithControl="true">
                <Label>(Use Option+Return to move the cursor to the next line)</Label>
            </Field>

            <Field id="label40" type="label" fontColor="black" fontSize="medium" alignWithControl="false">
                <Label>Your device will attempt to speak whatever you type in this field.</Label>
            </Field>
            
            <Field id="messageNote12" type="label" fontSize="small" fontColor="blue" alignWithControl="true">
                <Label>Variable and device state substituation is enabled for this field. Use the format</Label>
            </Field>
            <Field id="messageNote13" type="label" fontSize="small" fontColor="blue" alignWithControl="true">
                <Label>%%v:12345%% for variables and %%d:12345:someStateId%% for device states.</Label>
            </Field>



            <Field id="simpleSeparator8" type="separator"></Field>

            <Field id="messageNote14" type="label" fontSize="medium" fontColor="black" alignWithControl="false">
                <Label>Audio File URL:</Label>
            </Field>


            <Field id="backgroundAudioFileUrl" type="textfield">
                <Label>:


                </Label>                
            </Field>

            <Field id="fullURLinstruct3" type="label" fontColor="black" fontSize="medium" alignWithControl="true">
                <Label>Enter the full URL of an audio file to play on the device.</Label>
            </Field>


            <Field id="fullURLinstruct4" type="label" fontColor="black" fontSize="medium" alignWithControl="true">
                <Label>The URL entered must be publicly accessible, by anyone with the link, and begin with 'https://'</Label>
            </Field>

            <Field id="simpleSeparator1" type="separator"></Field>
            
            <Field id="label55" type="label" fontColor="darkgray" fontSize="medium" alignWithControl="false">
                <Label>Click "?" to access https://voicemonkey.io/docs for documenation on supported file types</Label>
            </Field>

        </ConfigUI>
    </Action>    

    <Action id="TypedRequest" deviceFilter="self.VoiceMonkeyDevice">
        <Name>Type in a Request</Name>
        <CallbackMethod>typed_request</CallbackMethod>

        <ConfigUI>
            <Field id="label80" type="label" fontColor="black" fontSize="large" alignWithControl="false">
                <Label>Interact with your device by typing in a request</Label>
            </Field>
            <Field id="simpleSeparator80" type="separator"></Field>
            <Field id="RequestOfDevice" type="textfield">
                <Label>:



                </Label>
            </Field>

            <Field id="EntryInfo" type="label" fontSize="small" fontColor="black" alignWithControl="true">
                <Label>(Use Option+Return to move the cursor to the next line)</Label>
            </Field>

            <Field id="label81" type="label" fontColor="black" fontSize="medium" alignWithControl="false">
                <Label>Type in anything you would otherwise say to Alexa.</Label>
            </Field>


        </ConfigUI>
    </Action>

    <Action id="AlexaSpeak" uiPath="hidden">
        <Name>Speak text</Name>
        <CallbackMethod>alexa_speak</CallbackMethod>
    </Action>    

    <Action id="AlexaRoutine" deviceFilter="self.VoiceMonkeyDevice">
        <Name>Run Alexa Routine by Name</Name>
        <CallbackMethod>alexa_routine</CallbackMethod>

        <ConfigUI>

            <SupportURL>https://github.com/thorsten-gehrig/alexa-remote-control</SupportURL>

            <Field id="simpleSeparator70" type="separator"></Field>

            <Field id="monkey_id" type="textfield">
                <Label>Routine Name:</Label>
            </Field>

            <Field id="label71" type="label" fontColor="black" fontSize="medium" alignWithControl="true">
                <Label>Enter the name exactly as it is shown in the Alexa App</Label>
            </Field>

            <Field id="simpleSeparator71" type="separator"></Field>

            <Field id="label733" type="label" fontColor="blue" fontSize="medium" alignWithControl="false">
                <Label>Seeing 'ERROR: no such utterance' in the log means that the name entered was not found.</Label>
            </Field>

            <Field id="simpleSeparator72" type="separator"></Field>
            <Field id="label73" type="label" fontColor="darkgray" fontSize="medium" alignWithControl="false">
                <Label>Click "?" to access https://github.com/thorsten-gehrig/alexa-remote-control for more information on the project</Label>
            </Field>

        </ConfigUI>
    </Action>  


    <Action id="PassArgs">
        <Name>Pass command line arguments</Name>
        <CallbackMethod>pass_cmd_line_args</CallbackMethod>

        <ConfigUI>

            <SupportURL>https://github.com/thorsten-gehrig/alexa-remote-control</SupportURL>

            <Field id="commandSeperator1" type="separator"></Field>

            <Field id="arguments" type="textfield">
                <Label>Type in your arguments:</Label>
            </Field>

            <Field id="commandSeperator2" type="separator"></Field>

            <Field id="commandLabel1" type="label" fontColor="black" fontSize="small" alignWithControl="false">
                <Label>i.e. [-d {device}|ALL] -e {pause|play|next|prev|fwd|rwd|shuffle|repeat|vol:{0-100}}</Label>
            </Field>

            <Field id="commandSeperator4" type="separator"></Field>
            <Field id="label73" type="label" fontColor="blue" fontSize="medium" alignWithControl="false">
                <Label>Click "?" to access the Git Repository https://github.com/thorsten-gehrig/alexa-remote-control for a complete list of arguments</Label>
            </Field>

            <Field id="commandSeperator3" type="separator"></Field>
            <Field id="label72" type="label" fontColor="black" fontSize="medium" alignWithControl="false">
                <Label>Displaying or utilizing output, is not currently supported.</Label>
            </Field>

        </ConfigUI>
    </Action>    

    <Action id="PassDeviceArg" deviceFilter="self.VoiceMonkeyDevice">
        <Name>pass -d device |arg|</Name>
        <CallbackMethod>pass_device_arg</CallbackMethod>

        <ConfigUI>

            <SupportURL>https://github.com/thorsten-gehrig/alexa-remote-control</SupportURL>

            <Field id="commandSeperator1" type="separator"></Field>

            <Field id="arguments" type="textfield">
                <Label>Type in your arguments:</Label>
            </Field>

            <Field id="commandLabel1" type="label" fontColor="black" fontSize="medium" alignWithControl="true">
                <Label> -d {device} is passed for you</Label>
            </Field>
            <Field id="commandSeperator2" type="separator"></Field>

            <Field id="label73" type="label" fontColor="blue" fontSize="medium" alignWithControl="false">
                <Label>Click "?" to access the Git Repository https://github.com/thorsten-gehrig/alexa-remote-control for a complete list of arguments</Label>
            </Field>

        </ConfigUI>
    </Action>    


</Actions>
